Transformacion,Elitismo,Mejor_Fitness,Generaciones,Tiempo_seg,Diversidad_Final
Inversion,0,0.233299,100,0.193473,0.055541
Inversion,2,0.164502,100,0.193346,0.025482
Inversion,5,0.191718,100,0.194782,0.012334
Negacion,0,37.530512,100,0.188899,7.19773
Negacion,2,28.413837,100,0.190567,3.726031
Negacion,5,5.299594,100,0.190632,0.620836
Ranking,0,1.5,100,0.191561,0.294508
Ranking,2,1.5,100,0.192435,0.294508
Ranking,5,1.5,100,0.193947,0.294508
